Suite/Test/Step Name,Browser,Description,Tag,Start time,End time,Duration,Status
AMAZON_TESTSUITE_LOGIN_001_SRIKAL,,,,31-01-2024 16:58:31,31-01-2024 16:58:32,1.076s,FAILED
,,,,,,,
Test Cases/TC_AMAZON_LOGIN_001_SRIKAL,,,,31-01-2024 16:58:32,31-01-2024 16:58:32,0.089s,FAILED
Start listener action : sampleBeforeTestCase,,,,31-01-2024 16:58:32,31-01-2024 16:58:32,0.011s,ERROR
"openBrowser("""")",,,,31-01-2024 16:58:32,31-01-2024 16:58:32,0.006s,FAILED
Start listener action : sampleAfterTestCase,,,,31-01-2024 16:58:32,31-01-2024 16:58:32,0.054s,ERROR
