Suite/Test/Step Name,Browser,Description,Tag,Start time,End time,Duration,Status
AMAZON_TESTSUITE_VALIDATESEARCHFIELDITEM_002_SRIKAL,,,,31-01-2024 16:51:38,31-01-2024 16:51:50,11.932s,FAILED
,,,,,,,
Test Cases/TC_AMAZON_VALIDATESEARCHFIELDITEM_002_SRIKAL,,,,31-01-2024 16:51:39,31-01-2024 16:51:47,8.313s,FAILED
Start listener action : sampleBeforeTestCase,,,,31-01-2024 16:51:39,31-01-2024 16:51:41,2.056s,ERROR
"openBrowser("""")",,,,31-01-2024 16:51:41,31-01-2024 16:51:47,5.256s,FAILED
Start listener action : sampleAfterTestCase,,,,31-01-2024 16:51:47,31-01-2024 16:51:47,0.476s,ERROR
,,,,,,,
Test Cases/TC_AMAZON_VALIDATESEARCHFIELDITEM_002_SRIKAL - Copy,,,,31-01-2024 16:51:47,31-01-2024 16:51:50,2.808s,FAILED
Start listener action : sampleBeforeTestCase,,,,31-01-2024 16:51:47,31-01-2024 16:51:47,0.053s,ERROR
"openBrowser("""")",,,,31-01-2024 16:51:47,31-01-2024 16:51:50,2.436s,FAILED
Start listener action : sampleAfterTestCase,,,,31-01-2024 16:51:50,31-01-2024 16:51:50,0.108s,ERROR
