Suite/Test/Step Name,Browser,Description,Tag,Start time,End time,Duration,Status
AMAZON_TESTSUITE_LOGIN_001_SRIKAL,,,,31-01-2024 16:57:43,31-01-2024 16:57:45,2.115s,FAILED
,,,,,,,
Test Cases/TC_AMAZON_LOGIN_001_SRIKAL,,,,31-01-2024 16:57:44,31-01-2024 16:57:45,0.145s,FAILED
Start listener action : sampleBeforeTestCase,,,,31-01-2024 16:57:44,31-01-2024 16:57:45,0.018s,ERROR
"openBrowser("""")",,,,31-01-2024 16:57:45,31-01-2024 16:57:45,0.033s,FAILED
Start listener action : sampleAfterTestCase,,,,31-01-2024 16:57:45,31-01-2024 16:57:45,0.065s,ERROR
