Suite/Test/Step Name,Browser,Description,Tag,Start time,End time,Duration,Status
AMAZON_WISHLIST_003_SRIKAL,,,,31-01-2024 16:51:41,31-01-2024 16:51:56,15.243s,FAILED
,,,,,,,
Test Cases/TC_AMAZON_WISHLIST_003_SRIKAL,,,,31-01-2024 16:51:54,31-01-2024 16:51:56,1.579s,FAILED
Start listener action : sampleBeforeTestCase,,,,31-01-2024 16:51:54,31-01-2024 16:51:55,0.044s,ERROR
"openBrowser("""")",,,,31-01-2024 16:51:55,31-01-2024 16:51:56,1.304s,FAILED
Start listener action : sampleAfterTestCase,,,,31-01-2024 16:51:56,31-01-2024 16:51:56,0.164s,ERROR
