Suite/Test/Step Name,Browser,Description,Tag,Start time,End time,Duration,Status
AMAZON_TESTSUITE_LOGIN_001_SRIKAL,,,,31-01-2024 16:51:39,31-01-2024 16:51:57,18.099s,FAILED
,,,,,,,
Test Cases/TC_AMAZON_LOGIN_001_SRIKAL,,,,31-01-2024 16:51:56,31-01-2024 16:51:57,1.324s,FAILED
Start listener action : sampleBeforeTestCase,,,,31-01-2024 16:51:56,31-01-2024 16:51:56,0.022s,ERROR
"openBrowser("""")",,,,31-01-2024 16:51:56,31-01-2024 16:51:57,1.153s,FAILED
Start listener action : sampleAfterTestCase,,,,31-01-2024 16:51:57,31-01-2024 16:51:57,0.102s,ERROR
